id;id_prov;nama_kota;kode_kota;created_at;updated_at
1;1;KABUPATEN SIMEULUE;1101;2021-04-03 15:55:09;2021-04-03 15:55:09
2;1;KABUPATEN ACEH SINGKIL;1102;2021-04-03 15:55:09;2021-04-03 15:55:09
3;1;KABUPATEN ACEH SELATAN;1103;2021-04-03 15:55:09;2021-04-03 15:55:09
4;1;KABUPATEN ACEH TENGGARA;1104;2021-04-03 15:55:09;2021-04-03 15:55:09
5;1;KABUPATEN ACEH TIMUR;1105;2021-04-03 15:55:09;2021-04-03 15:55:09
6;1;KABUPATEN ACEH TENGAH;1106;2021-04-03 15:55:09;2021-04-03 15:55:09
7;1;KABUPATEN ACEH BARAT;1107;2021-04-03 15:55:09;2021-04-03 15:55:09
8;1;KABUPATEN ACEH BESAR;1108;2021-04-03 15:55:09;2021-04-03 15:55:09
9;1;KABUPATEN PIDIE;1109;2021-04-03 15:55:09;2021-04-03 15:55:09
10;1;KABUPATEN BIREUEN;1110;2021-04-03 15:55:09;2021-04-03 15:55:09
11;1;KABUPATEN ACEH UTARA;1111;2021-04-03 15:55:09;2021-04-03 15:55:09
12;1;KABUPATEN ACEH BARAT DAYA;1112;2021-04-03 15:55:09;2021-04-03 15:55:09
13;1;KABUPATEN GAYO LUES;1113;2021-04-03 15:55:09;2021-04-03 15:55:09
14;1;KABUPATEN ACEH TAMIANG;1114;2021-04-03 15:55:09;2021-04-03 15:55:09
15;1;KABUPATEN NAGAN RAYA;1115;2021-04-03 15:55:09;2021-04-03 15:55:09
16;1;KABUPATEN ACEH JAYA;1116;2021-04-03 15:55:09;2021-04-03 15:55:09
17;1;KABUPATEN BENER MERIAH;1117;2021-04-03 15:55:09;2021-04-03 15:55:09
18;1;KABUPATEN PIDIE JAYA;1118;2021-04-03 15:55:09;2021-04-03 15:55:09
19;1;KOTA BANDA ACEH;1171;2021-04-03 15:55:09;2021-04-03 15:55:09
20;1;KOTA SABANG;1172;2021-04-03 15:55:09;2021-04-03 15:55:09
21;1;KOTA LANGSA;1173;2021-04-03 15:55:09;2021-04-03 15:55:09
22;1;KOTA LHOKSEUMAWE;1174;2021-04-03 15:55:09;2021-04-03 15:55:09
23;1;KOTA SUBULUSSALAM;1175;2021-04-03 15:55:09;2021-04-03 15:55:09
24;2;KABUPATEN NIAS;1201;2021-04-03 15:55:09;2021-04-03 15:55:09
25;2;KABUPATEN MANDAILING NATAL;1202;2021-04-03 15:55:09;2021-04-03 15:55:09
26;2;KABUPATEN TAPANULI SELATAN;1203;2021-04-03 15:55:09;2021-04-03 15:55:09
27;2;KABUPATEN TAPANULI TENGAH;1204;2021-04-03 15:55:09;2021-04-03 15:55:09
28;2;KABUPATEN TAPANULI UTARA;1205;2021-04-03 15:55:09;2021-04-03 15:55:09
29;2;KABUPATEN TOBA SAMOSIR;1206;2021-04-03 15:55:09;2021-04-03 15:55:09
30;2;KABUPATEN LABUHAN BATU;1207;2021-04-03 15:55:09;2021-04-03 15:55:09
31;2;KABUPATEN ASAHAN;1208;2021-04-03 15:55:09;2021-04-03 15:55:09
32;2;KABUPATEN SIMALUNGUN;1209;2021-04-03 15:55:09;2021-04-03 15:55:09
33;2;KABUPATEN DAIRI;1210;2021-04-03 15:55:09;2021-04-03 15:55:09
34;2;KABUPATEN KARO;1211;2021-04-03 15:55:09;2021-04-03 15:55:09
35;2;KABUPATEN DELI SERDANG;1212;2021-04-03 15:55:09;2021-04-03 15:55:09
36;2;KABUPATEN LANGKAT;1213;2021-04-03 15:55:09;2021-04-03 15:55:09
37;2;KABUPATEN NIAS SELATAN;1214;2021-04-03 15:55:09;2021-04-03 15:55:09
38;2;KABUPATEN HUMBANG HASUNDUTAN;1215;2021-04-03 15:55:09;2021-04-03 15:55:09
39;2;KABUPATEN PAKPAK BHARAT;1216;2021-04-03 15:55:09;2021-04-03 15:55:09
40;2;KABUPATEN SAMOSIR;1217;2021-04-03 15:55:09;2021-04-03 15:55:09
41;2;KABUPATEN SERDANG BEDAGAI;1218;2021-04-03 15:55:09;2021-04-03 15:55:09
42;2;KABUPATEN BATU BARA;1219;2021-04-03 15:55:09;2021-04-03 15:55:09
43;2;KABUPATEN PADANG LAWAS UTARA;1220;2021-04-03 15:55:09;2021-04-03 15:55:09
44;2;KABUPATEN PADANG LAWAS;1221;2021-04-03 15:55:09;2021-04-03 15:55:09
45;2;KABUPATEN LABUHAN BATU SELATAN;1222;2021-04-03 15:55:09;2021-04-03 15:55:09
46;2;KABUPATEN LABUHAN BATU UTARA;1223;2021-04-03 15:55:09;2021-04-03 15:55:09
47;2;KABUPATEN NIAS UTARA;1224;2021-04-03 15:55:09;2021-04-03 15:55:09
48;2;KABUPATEN NIAS BARAT;1225;2021-04-03 15:55:09;2021-04-03 15:55:09
49;2;KOTA SIBOLGA;1271;2021-04-03 15:55:09;2021-04-03 15:55:09
50;2;KOTA TANJUNG BALAI;1272;2021-04-03 15:55:09;2021-04-03 15:55:09
51;2;KOTA PEMATANG SIANTAR;1273;2021-04-03 15:55:09;2021-04-03 15:55:09
52;2;KOTA TEBING TINGGI;1274;2021-04-03 15:55:09;2021-04-03 15:55:09
53;2;KOTA MEDAN;1275;2021-04-03 15:55:09;2021-04-03 15:55:09
54;2;KOTA BINJAI;1276;2021-04-03 15:55:09;2021-04-03 15:55:09
55;2;KOTA PADANGSIDIMPUAN;1277;2021-04-03 15:55:09;2021-04-03 15:55:09
56;2;KOTA GUNUNGSITOLI;1278;2021-04-03 15:55:09;2021-04-03 15:55:09
57;3;KABUPATEN KEPULAUAN MENTAWAI;1301;2021-04-03 15:55:09;2021-04-03 15:55:09
58;3;KABUPATEN PESISIR SELATAN;1302;2021-04-03 15:55:09;2021-04-03 15:55:09
59;3;KABUPATEN SOLOK;1303;2021-04-03 15:55:09;2021-04-03 15:55:09
60;3;KABUPATEN SIJUNJUNG;1304;2021-04-03 15:55:09;2021-04-03 15:55:09
61;3;KABUPATEN TANAH DATAR;1305;2021-04-03 15:55:09;2021-04-03 15:55:09
62;3;KABUPATEN PADANG PARIAMAN;1306;2021-04-03 15:55:09;2021-04-03 15:55:09
63;3;KABUPATEN AGAM;1307;2021-04-03 15:55:09;2021-04-03 15:55:09
64;3;KABUPATEN LIMA PULUH KOTA;1308;2021-04-03 15:55:09;2021-04-03 15:55:09
65;3;KABUPATEN PASAMAN;1309;2021-04-03 15:55:09;2021-04-03 15:55:09
66;3;KABUPATEN SOLOK SELATAN;1310;2021-04-03 15:55:09;2021-04-03 15:55:09
67;3;KABUPATEN DHARMASRAYA;1311;2021-04-03 15:55:09;2021-04-03 15:55:09
68;3;KABUPATEN PASAMAN BARAT;1312;2021-04-03 15:55:09;2021-04-03 15:55:09
69;3;KOTA PADANG;1371;2021-04-03 15:55:09;2021-04-03 15:55:09
70;3;KOTA SOLOK;1372;2021-04-03 15:55:09;2021-04-03 15:55:09
71;3;KOTA SAWAH LUNTO;1373;2021-04-03 15:55:09;2021-04-03 15:55:09
72;3;KOTA PADANG PANJANG;1374;2021-04-03 15:55:09;2021-04-03 15:55:09
73;3;KOTA BUKITTINGGI;1375;2021-04-03 15:55:09;2021-04-03 15:55:09
74;3;KOTA PAYAKUMBUH;1376;2021-04-03 15:55:09;2021-04-03 15:55:09
75;3;KOTA PARIAMAN;1377;2021-04-03 15:55:09;2021-04-03 15:55:09
76;4;KABUPATEN KUANTAN SINGINGI;1401;2021-04-03 15:55:09;2021-04-03 15:55:09
77;4;KABUPATEN INDRAGIRI HULU;1402;2021-04-03 15:55:09;2021-04-03 15:55:09
78;4;KABUPATEN INDRAGIRI HILIR;1403;2021-04-03 15:55:09;2021-04-03 15:55:09
79;4;KABUPATEN PELALAWAN;1404;2021-04-03 15:55:09;2021-04-03 15:55:09
80;4;KABUPATEN SIAK;1405;2021-04-03 15:55:09;2021-04-03 15:55:09
81;4;KABUPATEN KAMPAR;1406;2021-04-03 15:55:09;2021-04-03 15:55:09
82;4;KABUPATEN ROKAN HULU;1407;2021-04-03 15:55:09;2021-04-03 15:55:09
83;4;KABUPATEN BENGKALIS;1408;2021-04-03 15:55:09;2021-04-03 15:55:09
84;4;KABUPATEN ROKAN HILIR;1409;2021-04-03 15:55:09;2021-04-03 15:55:09
85;4;KABUPATEN KEPULAUAN MERANTI;1410;2021-04-03 15:55:09;2021-04-03 15:55:09
86;4;KOTA PEKANBARU;1471;2021-04-03 15:55:09;2021-04-03 15:55:09
87;4;KOTA DUMAI;1473;2021-04-03 15:55:09;2021-04-03 15:55:09
88;5;KABUPATEN KERINCI;1501;2021-04-03 15:55:09;2021-04-03 15:55:09
89;5;KABUPATEN MERANGIN;1502;2021-04-03 15:55:09;2021-04-03 15:55:09
90;5;KABUPATEN SAROLANGUN;1503;2021-04-03 15:55:09;2021-04-03 15:55:09
91;5;KABUPATEN BATANG HARI;1504;2021-04-03 15:55:09;2021-04-03 15:55:09
92;5;KABUPATEN MUARO JAMBI;1505;2021-04-03 15:55:09;2021-04-03 15:55:09
93;5;KABUPATEN TANJUNG JABUNG TIMUR;1506;2021-04-03 15:55:09;2021-04-03 15:55:09
94;5;KABUPATEN TANJUNG JABUNG BARAT;1507;2021-04-03 15:55:09;2021-04-03 15:55:09
95;5;KABUPATEN TEBO;1508;2021-04-03 15:55:09;2021-04-03 15:55:09
96;5;KABUPATEN BUNGO;1509;2021-04-03 15:55:09;2021-04-03 15:55:09
97;5;KOTA JAMBI;1571;2021-04-03 15:55:09;2021-04-03 15:55:09
98;5;KOTA SUNGAI PENUH;1572;2021-04-03 15:55:09;2021-04-03 15:55:09
99;6;KABUPATEN OGAN KOMERING ULU;1601;2021-04-03 15:55:09;2021-04-03 15:55:09
100;6;KABUPATEN OGAN KOMERING ILIR;1602;2021-04-03 15:55:09;2021-04-03 15:55:09
101;6;KABUPATEN MUARA ENIM;1603;2021-04-03 15:55:09;2021-04-03 15:55:09
102;6;KABUPATEN LAHAT;1604;2021-04-03 15:55:09;2021-04-03 15:55:09
103;6;KABUPATEN MUSI RAWAS;1605;2021-04-03 15:55:09;2021-04-03 15:55:09
104;6;KABUPATEN MUSI BANYUASIN;1606;2021-04-03 15:55:09;2021-04-03 15:55:09
105;6;KABUPATEN BANYU ASIN;1607;2021-04-03 15:55:09;2021-04-03 15:55:09
106;6;KABUPATEN OGAN KOMERING ULU SELATAN;1608;2021-04-03 15:55:09;2021-04-03 15:55:09
107;6;KABUPATEN OGAN KOMERING ULU TIMUR;1609;2021-04-03 15:55:09;2021-04-03 15:55:09
108;6;KABUPATEN OGAN ILIR;1610;2021-04-03 15:55:09;2021-04-03 15:55:09
109;6;KABUPATEN EMPAT LAWANG;1611;2021-04-03 15:55:09;2021-04-03 15:55:09
110;6;KABUPATEN PENUKAL ABAB LEMATANG ILIR;1612;2021-04-03 15:55:09;2021-04-03 15:55:09
111;6;KABUPATEN MUSI RAWAS UTARA;1613;2021-04-03 15:55:09;2021-04-03 15:55:09
112;6;KOTA PALEMBANG;1671;2021-04-03 15:55:09;2021-04-03 15:55:09
113;6;KOTA PRABUMULIH;1672;2021-04-03 15:55:09;2021-04-03 15:55:09
114;6;KOTA PAGAR ALAM;1673;2021-04-03 15:55:09;2021-04-03 15:55:09
115;6;KOTA LUBUKLINGGAU;1674;2021-04-03 15:55:09;2021-04-03 15:55:09
116;7;KABUPATEN BENGKULU SELATAN;1701;2021-04-03 15:55:09;2021-04-03 15:55:09
117;7;KABUPATEN REJANG LEBONG;1702;2021-04-03 15:55:09;2021-04-03 15:55:09
118;7;KABUPATEN BENGKULU UTARA;1703;2021-04-03 15:55:09;2021-04-03 15:55:09
119;7;KABUPATEN KAUR;1704;2021-04-03 15:55:09;2021-04-03 15:55:09
120;7;KABUPATEN SELUMA;1705;2021-04-03 15:55:09;2021-04-03 15:55:09
121;7;KABUPATEN MUKOMUKO;1706;2021-04-03 15:55:09;2021-04-03 15:55:09
122;7;KABUPATEN LEBONG;1707;2021-04-03 15:55:09;2021-04-03 15:55:09
123;7;KABUPATEN KEPAHIANG;1708;2021-04-03 15:55:09;2021-04-03 15:55:09
124;7;KABUPATEN BENGKULU TENGAH;1709;2021-04-03 15:55:09;2021-04-03 15:55:09
125;7;KOTA BENGKULU;1771;2021-04-03 15:55:09;2021-04-03 15:55:09
126;8;KABUPATEN LAMPUNG BARAT;1801;2021-04-03 15:55:09;2021-04-03 15:55:09
127;8;KABUPATEN TANGGAMUS;1802;2021-04-03 15:55:09;2021-04-03 15:55:09
128;8;KABUPATEN LAMPUNG SELATAN;1803;2021-04-03 15:55:09;2021-04-03 15:55:09
129;8;KABUPATEN LAMPUNG TIMUR;1804;2021-04-03 15:55:09;2021-04-03 15:55:09
130;8;KABUPATEN LAMPUNG TENGAH;1805;2021-04-03 15:55:09;2021-04-03 15:55:09
131;8;KABUPATEN LAMPUNG UTARA;1806;2021-04-03 15:55:09;2021-04-03 15:55:09
132;8;KABUPATEN WAY KANAN;1807;2021-04-03 15:55:09;2021-04-03 15:55:09
133;8;KABUPATEN TULANGBAWANG;1808;2021-04-03 15:55:09;2021-04-03 15:55:09
134;8;KABUPATEN PESAWARAN;1809;2021-04-03 15:55:09;2021-04-03 15:55:09
135;8;KABUPATEN PRINGSEWU;1810;2021-04-03 15:55:09;2021-04-03 15:55:09
136;8;KABUPATEN MESUJI;1811;2021-04-03 15:55:09;2021-04-03 15:55:09
137;8;KABUPATEN TULANG BAWANG BARAT;1812;2021-04-03 15:55:09;2021-04-03 15:55:09
138;8;KABUPATEN PESISIR BARAT;1813;2021-04-03 15:55:09;2021-04-03 15:55:09
139;8;KOTA BANDAR LAMPUNG;1871;2021-04-03 15:55:09;2021-04-03 15:55:09
140;8;KOTA METRO;1872;2021-04-03 15:55:09;2021-04-03 15:55:09
141;9;KABUPATEN BANGKA;1901;2021-04-03 15:55:09;2021-04-03 15:55:09
142;9;KABUPATEN BELITUNG;1902;2021-04-03 15:55:09;2021-04-03 15:55:09
143;9;KABUPATEN BANGKA BARAT;1903;2021-04-03 15:55:09;2021-04-03 15:55:09
144;9;KABUPATEN BANGKA TENGAH;1904;2021-04-03 15:55:09;2021-04-03 15:55:09
145;9;KABUPATEN BANGKA SELATAN;1905;2021-04-03 15:55:09;2021-04-03 15:55:09
146;9;KABUPATEN BELITUNG TIMUR;1906;2021-04-03 15:55:09;2021-04-03 15:55:09
147;9;KOTA PANGKAL PINANG;1971;2021-04-03 15:55:09;2021-04-03 15:55:09
148;10;KABUPATEN KARIMUN;2101;2021-04-03 15:55:09;2021-04-03 15:55:09
149;10;KABUPATEN BINTAN;2102;2021-04-03 15:55:09;2021-04-03 15:55:09
150;10;KABUPATEN NATUNA;2103;2021-04-03 15:55:09;2021-04-03 15:55:09
151;10;KABUPATEN LINGGA;2104;2021-04-03 15:55:09;2021-04-03 15:55:09
152;10;KABUPATEN KEPULAUAN ANAMBAS;2105;2021-04-03 15:55:09;2021-04-03 15:55:09
153;10;KOTA BATAM;2171;2021-04-03 15:55:09;2021-04-03 15:55:09
154;10;KOTA TANJUNG PINANG;2172;2021-04-03 15:55:09;2021-04-03 15:55:09
155;11;KABUPATEN KEPULAUAN SERIBU;3101;2021-04-03 15:55:09;2021-04-03 15:55:09
156;11;KOTA JAKARTA SELATAN;3171;2021-04-03 15:55:09;2021-04-03 15:55:09
157;11;KOTA JAKARTA TIMUR;3172;2021-04-03 15:55:09;2021-04-03 15:55:09
158;11;KOTA JAKARTA PUSAT;3173;2021-04-03 15:55:09;2021-04-03 15:55:09
159;11;KOTA JAKARTA BARAT;3174;2021-04-03 15:55:09;2021-04-03 15:55:09
160;11;KOTA JAKARTA UTARA;3175;2021-04-03 15:55:09;2021-04-03 15:55:09
161;12;KABUPATEN BOGOR;3201;2021-04-03 15:55:09;2021-04-03 15:55:09
162;12;KABUPATEN SUKABUMI;3202;2021-04-03 15:55:09;2021-04-03 15:55:09
163;12;KABUPATEN CIANJUR;3203;2021-04-03 15:55:09;2021-04-03 15:55:09
164;12;KABUPATEN BANDUNG;3204;2021-04-03 15:55:09;2021-04-03 15:55:09
165;12;KABUPATEN GARUT;3205;2021-04-03 15:55:09;2021-04-03 15:55:09
166;12;KABUPATEN TASIKMALAYA;3206;2021-04-03 15:55:09;2021-04-03 15:55:09
167;12;KABUPATEN CIAMIS;3207;2021-04-03 15:55:09;2021-04-03 15:55:09
168;12;KABUPATEN KUNINGAN;3208;2021-04-03 15:55:09;2021-04-03 15:55:09
169;12;KABUPATEN CIREBON;3209;2021-04-03 15:55:09;2021-04-03 15:55:09
170;12;KABUPATEN MAJALENGKA;3210;2021-04-03 15:55:09;2021-04-03 15:55:09
171;12;KABUPATEN SUMEDANG;3211;2021-04-03 15:55:09;2021-04-03 15:55:09
172;12;KABUPATEN INDRAMAYU;3212;2021-04-03 15:55:09;2021-04-03 15:55:09
173;12;KABUPATEN SUBANG;3213;2021-04-03 15:55:09;2021-04-03 15:55:09
174;12;KABUPATEN PURWAKARTA;3214;2021-04-03 15:55:09;2021-04-03 15:55:09
175;12;KABUPATEN KARAWANG;3215;2021-04-03 15:55:09;2021-04-03 15:55:09
176;12;KABUPATEN BEKASI;3216;2021-04-03 15:55:09;2021-04-03 15:55:09
177;12;KABUPATEN BANDUNG BARAT;3217;2021-04-03 15:55:09;2021-04-03 15:55:09
178;12;KABUPATEN PANGANDARAN;3218;2021-04-03 15:55:09;2021-04-03 15:55:09
179;12;KOTA BOGOR;3271;2021-04-03 15:55:09;2021-04-03 15:55:09
180;12;KOTA SUKABUMI;3272;2021-04-03 15:55:09;2021-04-03 15:55:09
181;12;KOTA BANDUNG;3273;2021-04-03 15:55:09;2021-04-03 15:55:09
182;12;KOTA CIREBON;3274;2021-04-03 15:55:09;2021-04-03 15:55:09
183;12;KOTA BEKASI;3275;2021-04-03 15:55:09;2021-04-03 15:55:09
184;12;KOTA DEPOK;3276;2021-04-03 15:55:09;2021-04-03 15:55:09
185;12;KOTA CIMAHI;3277;2021-04-03 15:55:09;2021-04-03 15:55:09
186;12;KOTA TASIKMALAYA;3278;2021-04-03 15:55:09;2021-04-03 15:55:09
187;12;KOTA BANJAR;3279;2021-04-03 15:55:09;2021-04-03 15:55:09
188;13;KABUPATEN CILACAP;3301;2021-04-03 15:55:09;2021-04-03 15:55:09
189;13;KABUPATEN BANYUMAS;3302;2021-04-03 15:55:09;2021-04-03 15:55:09
190;13;KABUPATEN PURBALINGGA;3303;2021-04-03 15:55:09;2021-04-03 15:55:09
191;13;KABUPATEN BANJARNEGARA;3304;2021-04-03 15:55:09;2021-04-03 15:55:09
192;13;KABUPATEN KEBUMEN;3305;2021-04-03 15:55:09;2021-04-03 15:55:09
193;13;KABUPATEN PURWOREJO;3306;2021-04-03 15:55:09;2021-04-03 15:55:09
194;13;KABUPATEN WONOSOBO;3307;2021-04-03 15:55:09;2021-04-03 15:55:09
195;13;KABUPATEN MAGELANG;3308;2021-04-03 15:55:09;2021-04-03 15:55:09
196;13;KABUPATEN BOYOLALI;3309;2021-04-03 15:55:09;2021-04-03 15:55:09
197;13;KABUPATEN KLATEN;3310;2021-04-03 15:55:09;2021-04-03 15:55:09
198;13;KABUPATEN SUKOHARJO;3311;2021-04-03 15:55:09;2021-04-03 15:55:09
199;13;KABUPATEN WONOGIRI;3312;2021-04-03 15:55:09;2021-04-03 15:55:09
200;13;KABUPATEN KARANGANYAR;3313;2021-04-03 15:55:09;2021-04-03 15:55:09
201;13;KABUPATEN SRAGEN;3314;2021-04-03 15:55:09;2021-04-03 15:55:09
202;13;KABUPATEN GROBOGAN;3315;2021-04-03 15:55:09;2021-04-03 15:55:09
203;13;KABUPATEN BLORA;3316;2021-04-03 15:55:09;2021-04-03 15:55:09
204;13;KABUPATEN REMBANG;3317;2021-04-03 15:55:09;2021-04-03 15:55:09
205;13;KABUPATEN PATI;3318;2021-04-03 15:55:09;2021-04-03 15:55:09
206;13;KABUPATEN KUDUS;3319;2021-04-03 15:55:09;2021-04-03 15:55:09
207;13;KABUPATEN JEPARA;3320;2021-04-03 15:55:09;2021-04-03 15:55:09
208;13;KABUPATEN DEMAK;3321;2021-04-03 15:55:09;2021-04-03 15:55:09
209;13;KABUPATEN SEMARANG;3322;2021-04-03 15:55:09;2021-04-03 15:55:09
210;13;KABUPATEN TEMANGGUNG;3323;2021-04-03 15:55:09;2021-04-03 15:55:09
211;13;KABUPATEN KENDAL;3324;2021-04-03 15:55:09;2021-04-03 15:55:09
212;13;KABUPATEN BATANG;3325;2021-04-03 15:55:09;2021-04-03 15:55:09
213;13;KABUPATEN PEKALONGAN;3326;2021-04-03 15:55:09;2021-04-03 15:55:09
214;13;KABUPATEN PEMALANG;3327;2021-04-03 15:55:09;2021-04-03 15:55:09
215;13;KABUPATEN TEGAL;3328;2021-04-03 15:55:09;2021-04-03 15:55:09
216;13;KABUPATEN BREBES;3329;2021-04-03 15:55:09;2021-04-03 15:55:09
217;13;KOTA MAGELANG;3371;2021-04-03 15:55:09;2021-04-03 15:55:09
218;13;KOTA SURAKARTA;3372;2021-04-03 15:55:09;2021-04-03 15:55:09
219;13;KOTA SALATIGA;3373;2021-04-03 15:55:09;2021-04-03 15:55:09
220;13;KOTA SEMARANG;3374;2021-04-03 15:55:09;2021-04-03 15:55:09
221;13;KOTA PEKALONGAN;3375;2021-04-03 15:55:09;2021-04-03 15:55:09
222;13;KOTA TEGAL;3376;2021-04-03 15:55:09;2021-04-03 15:55:09
223;14;KABUPATEN KULON PROGO;3401;2021-04-03 15:55:09;2021-04-03 15:55:09
224;14;KABUPATEN BANTUL;3402;2021-04-03 15:55:09;2021-04-03 15:55:09
225;14;KABUPATEN GUNUNG KIDUL;3403;2021-04-03 15:55:09;2021-04-03 15:55:09
226;14;KABUPATEN SLEMAN;3404;2021-04-03 15:55:09;2021-04-03 15:55:09
227;14;KOTA YOGYAKARTA;3471;2021-04-03 15:55:09;2021-04-03 15:55:09
228;15;KABUPATEN PACITAN;3501;2021-04-03 15:55:09;2021-04-03 15:55:09
229;15;KABUPATEN PONOROGO;3502;2021-04-03 15:55:09;2021-04-03 15:55:09
230;15;KABUPATEN TRENGGALEK;3503;2021-04-03 15:55:09;2021-04-03 15:55:09
231;15;KABUPATEN TULUNGAGUNG;3504;2021-04-03 15:55:09;2021-04-03 15:55:09
232;15;KABUPATEN BLITAR;3505;2021-04-03 15:55:09;2021-04-03 15:55:09
233;15;KABUPATEN KEDIRI;3506;2021-04-03 15:55:09;2021-04-03 15:55:09
234;15;KABUPATEN MALANG;3507;2021-04-03 15:55:09;2021-04-03 15:55:09
235;15;KABUPATEN LUMAJANG;3508;2021-04-03 15:55:09;2021-04-03 15:55:09
236;15;KABUPATEN JEMBER;3509;2021-04-03 15:55:09;2021-04-03 15:55:09
237;15;KABUPATEN BANYUWANGI;3510;2021-04-03 15:55:09;2021-04-03 15:55:09
238;15;KABUPATEN BONDOWOSO;3511;2021-04-03 15:55:09;2021-04-03 15:55:09
239;15;KABUPATEN SITUBONDO;3512;2021-04-03 15:55:09;2021-04-03 15:55:09
240;15;KABUPATEN PROBOLINGGO;3513;2021-04-03 15:55:09;2021-04-03 15:55:09
241;15;KABUPATEN PASURUAN;3514;2021-04-03 15:55:09;2021-04-03 15:55:09
242;15;KABUPATEN SIDOARJO;3515;2021-04-03 15:55:09;2021-04-03 15:55:09
243;15;KABUPATEN MOJOKERTO;3516;2021-04-03 15:55:09;2021-04-03 15:55:09
244;15;KABUPATEN JOMBANG;3517;2021-04-03 15:55:09;2021-04-03 15:55:09
245;15;KABUPATEN NGANJUK;3518;2021-04-03 15:55:09;2021-04-03 15:55:09
246;15;KABUPATEN MADIUN;3519;2021-04-03 15:55:09;2021-04-03 15:55:09
247;15;KABUPATEN MAGETAN;3520;2021-04-03 15:55:09;2021-04-03 15:55:09
248;15;KABUPATEN NGAWI;3521;2021-04-03 15:55:09;2021-04-03 15:55:09
249;15;KABUPATEN BOJONEGORO;3522;2021-04-03 15:55:09;2021-04-03 15:55:09
250;15;KABUPATEN TUBAN;3523;2021-04-03 15:55:09;2021-04-03 15:55:09
251;15;KABUPATEN LAMONGAN;3524;2021-04-03 15:55:09;2021-04-03 15:55:09
252;15;KABUPATEN GRESIK;3525;2021-04-03 15:55:09;2021-04-03 15:55:09
253;15;KABUPATEN BANGKALAN;3526;2021-04-03 15:55:09;2021-04-03 15:55:09
254;15;KABUPATEN SAMPANG;3527;2021-04-03 15:55:09;2021-04-03 15:55:09
255;15;KABUPATEN PAMEKASAN;3528;2021-04-03 15:55:09;2021-04-03 15:55:09
256;15;KABUPATEN SUMENEP;3529;2021-04-03 15:55:09;2021-04-03 15:55:09
257;15;KOTA KEDIRI;3571;2021-04-03 15:55:09;2021-04-03 15:55:09
258;15;KOTA BLITAR;3572;2021-04-03 15:55:09;2021-04-03 15:55:09
259;15;KOTA MALANG;3573;2021-04-03 15:55:09;2021-04-03 15:55:09
260;15;KOTA PROBOLINGGO;3574;2021-04-03 15:55:09;2021-04-03 15:55:09
261;15;KOTA PASURUAN;3575;2021-04-03 15:55:09;2021-04-03 15:55:09
262;15;KOTA MOJOKERTO;3576;2021-04-03 15:55:09;2021-04-03 15:55:09
263;15;KOTA MADIUN;3577;2021-04-03 15:55:09;2021-04-03 15:55:09
264;15;KOTA SURABAYA;3578;2021-04-03 15:55:09;2021-04-03 15:55:09
265;15;KOTA BATU;3579;2021-04-03 15:55:09;2021-04-03 15:55:09
266;16;KABUPATEN PANDEGLANG;3601;2021-04-03 15:55:09;2021-04-03 15:55:09
267;16;KABUPATEN LEBAK;3602;2021-04-03 15:55:09;2021-04-03 15:55:09
268;16;KABUPATEN TANGERANG;3603;2021-04-03 15:55:09;2021-04-03 15:55:09
269;16;KABUPATEN SERANG;3604;2021-04-03 15:55:09;2021-04-03 15:55:09
270;16;KOTA TANGERANG;3671;2021-04-03 15:55:09;2021-04-03 15:55:09
271;16;KOTA CILEGON;3672;2021-04-03 15:55:09;2021-04-03 15:55:09
272;16;KOTA SERANG;3673;2021-04-03 15:55:09;2021-04-03 15:55:09
273;16;KOTA TANGERANG SELATAN;3674;2021-04-03 15:55:09;2021-04-03 15:55:09
274;17;KABUPATEN JEMBRANA;5101;2021-04-03 15:55:09;2021-04-03 15:55:09
275;17;KABUPATEN TABANAN;5102;2021-04-03 15:55:09;2021-04-03 15:55:09
276;17;KABUPATEN BADUNG;5103;2021-04-03 15:55:09;2021-04-03 15:55:09
277;17;KABUPATEN GIANYAR;5104;2021-04-03 15:55:09;2021-04-03 15:55:09
278;17;KABUPATEN KLUNGKUNG;5105;2021-04-03 15:55:09;2021-04-03 15:55:09
279;17;KABUPATEN BANGLI;5106;2021-04-03 15:55:09;2021-04-03 15:55:09
280;17;KABUPATEN KARANG ASEM;5107;2021-04-03 15:55:09;2021-04-03 15:55:09
281;17;KABUPATEN BULELENG;5108;2021-04-03 15:55:09;2021-04-03 15:55:09
282;17;KOTA DENPASAR;5171;2021-04-03 15:55:09;2021-04-03 15:55:09
283;18;KABUPATEN LOMBOK BARAT;5201;2021-04-03 15:55:09;2021-04-03 15:55:09
284;18;KABUPATEN LOMBOK TENGAH;5202;2021-04-03 15:55:09;2021-04-03 15:55:09
285;18;KABUPATEN LOMBOK TIMUR;5203;2021-04-03 15:55:09;2021-04-03 15:55:09
286;18;KABUPATEN SUMBAWA;5204;2021-04-03 15:55:09;2021-04-03 15:55:09
287;18;KABUPATEN DOMPU;5205;2021-04-03 15:55:09;2021-04-03 15:55:09
288;18;KABUPATEN BIMA;5206;2021-04-03 15:55:09;2021-04-03 15:55:09
289;18;KABUPATEN SUMBAWA BARAT;5207;2021-04-03 15:55:09;2021-04-03 15:55:09
290;18;KABUPATEN LOMBOK UTARA;5208;2021-04-03 15:55:09;2021-04-03 15:55:09
291;18;KOTA MATARAM;5271;2021-04-03 15:55:09;2021-04-03 15:55:09
292;18;KOTA BIMA;5272;2021-04-03 15:55:09;2021-04-03 15:55:09
293;19;KABUPATEN SUMBA BARAT;5301;2021-04-03 15:55:09;2021-04-03 15:55:09
294;19;KABUPATEN SUMBA TIMUR;5302;2021-04-03 15:55:09;2021-04-03 15:55:09
295;19;KABUPATEN KUPANG;5303;2021-04-03 15:55:09;2021-04-03 15:55:09
296;19;KABUPATEN TIMOR TENGAH SELATAN;5304;2021-04-03 15:55:09;2021-04-03 15:55:09
297;19;KABUPATEN TIMOR TENGAH UTARA;5305;2021-04-03 15:55:09;2021-04-03 15:55:09
298;19;KABUPATEN BELU;5306;2021-04-03 15:55:09;2021-04-03 15:55:09
299;19;KABUPATEN ALOR;5307;2021-04-03 15:55:09;2021-04-03 15:55:09
300;19;KABUPATEN LEMBATA;5308;2021-04-03 15:55:09;2021-04-03 15:55:09
301;19;KABUPATEN FLORES TIMUR;5309;2021-04-03 15:55:09;2021-04-03 15:55:09
302;19;KABUPATEN SIKKA;5310;2021-04-03 15:55:09;2021-04-03 15:55:09
303;19;KABUPATEN ENDE;5311;2021-04-03 15:55:09;2021-04-03 15:55:09
304;19;KABUPATEN NGADA;5312;2021-04-03 15:55:09;2021-04-03 15:55:09
305;19;KABUPATEN MANGGARAI;5313;2021-04-03 15:55:09;2021-04-03 15:55:09
306;19;KABUPATEN ROTE NDAO;5314;2021-04-03 15:55:09;2021-04-03 15:55:09
307;19;KABUPATEN MANGGARAI BARAT;5315;2021-04-03 15:55:09;2021-04-03 15:55:09
308;19;KABUPATEN SUMBA TENGAH;5316;2021-04-03 15:55:09;2021-04-03 15:55:09
309;19;KABUPATEN SUMBA BARAT DAYA;5317;2021-04-03 15:55:09;2021-04-03 15:55:09
310;19;KABUPATEN NAGEKEO;5318;2021-04-03 15:55:09;2021-04-03 15:55:09
311;19;KABUPATEN MANGGARAI TIMUR;5319;2021-04-03 15:55:09;2021-04-03 15:55:09
312;19;KABUPATEN SABU RAIJUA;5320;2021-04-03 15:55:09;2021-04-03 15:55:09
313;19;KABUPATEN MALAKA;5321;2021-04-03 15:55:09;2021-04-03 15:55:09
314;19;KOTA KUPANG;5371;2021-04-03 15:55:09;2021-04-03 15:55:09
315;20;KABUPATEN SAMBAS;6101;2021-04-03 15:55:09;2021-04-03 15:55:09
316;20;KABUPATEN BENGKAYANG;6102;2021-04-03 15:55:09;2021-04-03 15:55:09
317;20;KABUPATEN LANDAK;6103;2021-04-03 15:55:09;2021-04-03 15:55:09
318;20;KABUPATEN MEMPAWAH;6104;2021-04-03 15:55:09;2021-04-03 15:55:09
319;20;KABUPATEN SANGGAU;6105;2021-04-03 15:55:09;2021-04-03 15:55:09
320;20;KABUPATEN KETAPANG;6106;2021-04-03 15:55:09;2021-04-03 15:55:09
321;20;KABUPATEN SINTANG;6107;2021-04-03 15:55:09;2021-04-03 15:55:09
322;20;KABUPATEN KAPUAS HULU;6108;2021-04-03 15:55:09;2021-04-03 15:55:09
323;20;KABUPATEN SEKADAU;6109;2021-04-03 15:55:09;2021-04-03 15:55:09
324;20;KABUPATEN MELAWI;6110;2021-04-03 15:55:09;2021-04-03 15:55:09
325;20;KABUPATEN KAYONG UTARA;6111;2021-04-03 15:55:09;2021-04-03 15:55:09
326;20;KABUPATEN KUBU RAYA;6112;2021-04-03 15:55:09;2021-04-03 15:55:09
327;20;KOTA PONTIANAK;6171;2021-04-03 15:55:09;2021-04-03 15:55:09
328;20;KOTA SINGKAWANG;6172;2021-04-03 15:55:09;2021-04-03 15:55:09
329;21;KABUPATEN KOTAWARINGIN BARAT;6201;2021-04-03 15:55:09;2021-04-03 15:55:09
330;21;KABUPATEN KOTAWARINGIN TIMUR;6202;2021-04-03 15:55:09;2021-04-03 15:55:09
331;21;KABUPATEN KAPUAS;6203;2021-04-03 15:55:09;2021-04-03 15:55:09
332;21;KABUPATEN BARITO SELATAN;6204;2021-04-03 15:55:09;2021-04-03 15:55:09
333;21;KABUPATEN BARITO UTARA;6205;2021-04-03 15:55:09;2021-04-03 15:55:09
334;21;KABUPATEN SUKAMARA;6206;2021-04-03 15:55:09;2021-04-03 15:55:09
335;21;KABUPATEN LAMANDAU;6207;2021-04-03 15:55:09;2021-04-03 15:55:09
336;21;KABUPATEN SERUYAN;6208;2021-04-03 15:55:09;2021-04-03 15:55:09
337;21;KABUPATEN KATINGAN;6209;2021-04-03 15:55:09;2021-04-03 15:55:09
338;21;KABUPATEN PULANG PISAU;6210;2021-04-03 15:55:09;2021-04-03 15:55:09
339;21;KABUPATEN GUNUNG MAS;6211;2021-04-03 15:55:09;2021-04-03 15:55:09
340;21;KABUPATEN BARITO TIMUR;6212;2021-04-03 15:55:09;2021-04-03 15:55:09
341;21;KABUPATEN MURUNG RAYA;6213;2021-04-03 15:55:09;2021-04-03 15:55:09
342;21;KOTA PALANGKA RAYA;6271;2021-04-03 15:55:09;2021-04-03 15:55:09
343;22;KABUPATEN TANAH LAUT;6301;2021-04-03 15:55:09;2021-04-03 15:55:09
344;22;KABUPATEN KOTA BARU;6302;2021-04-03 15:55:09;2021-04-03 15:55:09
345;22;KABUPATEN BANJAR;6303;2021-04-03 15:55:09;2021-04-03 15:55:09
346;22;KABUPATEN BARITO KUALA;6304;2021-04-03 15:55:09;2021-04-03 15:55:09
347;22;KABUPATEN TAPIN;6305;2021-04-03 15:55:09;2021-04-03 15:55:09
348;22;KABUPATEN HULU SUNGAI SELATAN;6306;2021-04-03 15:55:09;2021-04-03 15:55:09
349;22;KABUPATEN HULU SUNGAI TENGAH;6307;2021-04-03 15:55:09;2021-04-03 15:55:09
350;22;KABUPATEN HULU SUNGAI UTARA;6308;2021-04-03 15:55:09;2021-04-03 15:55:09
351;22;KABUPATEN TABALONG;6309;2021-04-03 15:55:09;2021-04-03 15:55:09
352;22;KABUPATEN TANAH BUMBU;6310;2021-04-03 15:55:09;2021-04-03 15:55:09
353;22;KABUPATEN BALANGAN;6311;2021-04-03 15:55:09;2021-04-03 15:55:09
354;22;KOTA BANJARMASIN;6371;2021-04-03 15:55:09;2021-04-03 15:55:09
355;22;KOTA BANJAR BARU;6372;2021-04-03 15:55:09;2021-04-03 15:55:09
356;23;KABUPATEN PASER;6401;2021-04-03 15:55:09;2021-04-03 15:55:09
357;23;KABUPATEN KUTAI BARAT;6402;2021-04-03 15:55:09;2021-04-03 15:55:09
358;23;KABUPATEN KUTAI KARTANEGARA;6403;2021-04-03 15:55:09;2021-04-03 15:55:09
359;23;KABUPATEN KUTAI TIMUR;6404;2021-04-03 15:55:09;2021-04-03 15:55:09
360;23;KABUPATEN BERAU;6405;2021-04-03 15:55:09;2021-04-03 15:55:09
361;23;KABUPATEN PENAJAM PASER UTARA;6409;2021-04-03 15:55:09;2021-04-03 15:55:09
362;23;KABUPATEN MAHAKAM HULU;6411;2021-04-03 15:55:09;2021-04-03 15:55:09
363;23;KOTA BALIKPAPAN;6471;2021-04-03 15:55:09;2021-04-03 15:55:09
364;23;KOTA SAMARINDA;6472;2021-04-03 15:55:09;2021-04-03 15:55:09
365;23;KOTA BONTANG;6474;2021-04-03 15:55:09;2021-04-03 15:55:09
366;24;KABUPATEN MALINAU;6501;2021-04-03 15:55:09;2021-04-03 15:55:09
367;24;KABUPATEN BULUNGAN;6502;2021-04-03 15:55:09;2021-04-03 15:55:09
368;24;KABUPATEN TANA TIDUNG;6503;2021-04-03 15:55:09;2021-04-03 15:55:09
369;24;KABUPATEN NUNUKAN;6504;2021-04-03 15:55:09;2021-04-03 15:55:09
370;24;KOTA TARAKAN;6571;2021-04-03 15:55:09;2021-04-03 15:55:09
371;25;KABUPATEN BOLAANG MONGONDOW;7101;2021-04-03 15:55:09;2021-04-03 15:55:09
372;25;KABUPATEN MINAHASA;7102;2021-04-03 15:55:09;2021-04-03 15:55:09
373;25;KABUPATEN KEPULAUAN SANGIHE;7103;2021-04-03 15:55:09;2021-04-03 15:55:09
374;25;KABUPATEN KEPULAUAN TALAUD;7104;2021-04-03 15:55:09;2021-04-03 15:55:09
375;25;KABUPATEN MINAHASA SELATAN;7105;2021-04-03 15:55:09;2021-04-03 15:55:09
376;25;KABUPATEN MINAHASA UTARA;7106;2021-04-03 15:55:09;2021-04-03 15:55:09
377;25;KABUPATEN BOLAANG MONGONDOW UTARA;7107;2021-04-03 15:55:09;2021-04-03 15:55:09
378;25;KABUPATEN SIAU TAGULANDANG BIARO;7108;2021-04-03 15:55:09;2021-04-03 15:55:09
379;25;KABUPATEN MINAHASA TENGGARA;7109;2021-04-03 15:55:09;2021-04-03 15:55:09
380;25;KABUPATEN BOLAANG MONGONDOW SELATAN;7110;2021-04-03 15:55:09;2021-04-03 15:55:09
381;25;KABUPATEN BOLAANG MONGONDOW TIMUR;7111;2021-04-03 15:55:09;2021-04-03 15:55:09
382;25;KOTA MANADO;7171;2021-04-03 15:55:09;2021-04-03 15:55:09
383;25;KOTA BITUNG;7172;2021-04-03 15:55:09;2021-04-03 15:55:09
384;25;KOTA TOMOHON;7173;2021-04-03 15:55:09;2021-04-03 15:55:09
385;25;KOTA KOTAMOBAGU;7174;2021-04-03 15:55:09;2021-04-03 15:55:09
386;26;KABUPATEN BANGGAI KEPULAUAN;7201;2021-04-03 15:55:09;2021-04-03 15:55:09
387;26;KABUPATEN BANGGAI;7202;2021-04-03 15:55:09;2021-04-03 15:55:09
388;26;KABUPATEN MOROWALI;7203;2021-04-03 15:55:09;2021-04-03 15:55:09
389;26;KABUPATEN POSO;7204;2021-04-03 15:55:09;2021-04-03 15:55:09
390;26;KABUPATEN DONGGALA;7205;2021-04-03 15:55:09;2021-04-03 15:55:09
391;26;KABUPATEN TOLI-TOLI;7206;2021-04-03 15:55:09;2021-04-03 15:55:09
392;26;KABUPATEN BUOL;7207;2021-04-03 15:55:09;2021-04-03 15:55:09
393;26;KABUPATEN PARIGI MOUTONG;7208;2021-04-03 15:55:09;2021-04-03 15:55:09
394;26;KABUPATEN TOJO UNA-UNA;7209;2021-04-03 15:55:09;2021-04-03 15:55:09
395;26;KABUPATEN SIGI;7210;2021-04-03 15:55:09;2021-04-03 15:55:09
396;26;KABUPATEN BANGGAI LAUT;7211;2021-04-03 15:55:09;2021-04-03 15:55:09
397;26;KABUPATEN MOROWALI UTARA;7212;2021-04-03 15:55:09;2021-04-03 15:55:09
398;26;KOTA PALU;7271;2021-04-03 15:55:09;2021-04-03 15:55:09
399;27;KABUPATEN KEPULAUAN SELAYAR;7301;2021-04-03 15:55:09;2021-04-03 15:55:09
400;27;KABUPATEN BULUKUMBA;7302;2021-04-03 15:55:09;2021-04-03 15:55:09
401;27;KABUPATEN BANTAENG;7303;2021-04-03 15:55:09;2021-04-03 15:55:09
402;27;KABUPATEN JENEPONTO;7304;2021-04-03 15:55:09;2021-04-03 15:55:09
403;27;KABUPATEN TAKALAR;7305;2021-04-03 15:55:09;2021-04-03 15:55:09
404;27;KABUPATEN GOWA;7306;2021-04-03 15:55:09;2021-04-03 15:55:09
405;27;KABUPATEN SINJAI;7307;2021-04-03 15:55:09;2021-04-03 15:55:09
406;27;KABUPATEN MAROS;7308;2021-04-03 15:55:09;2021-04-03 15:55:09
407;27;KABUPATEN PANGKAJENE DAN KEPULAUAN;7309;2021-04-03 15:55:09;2021-04-03 15:55:09
408;27;KABUPATEN BARRU;7310;2021-04-03 15:55:09;2021-04-03 15:55:09
409;27;KABUPATEN BONE;7311;2021-04-03 15:55:09;2021-04-03 15:55:09
410;27;KABUPATEN SOPPENG;7312;2021-04-03 15:55:09;2021-04-03 15:55:09
411;27;KABUPATEN WAJO;7313;2021-04-03 15:55:09;2021-04-03 15:55:09
412;27;KABUPATEN SIDENRENG RAPPANG;7314;2021-04-03 15:55:09;2021-04-03 15:55:09
413;27;KABUPATEN PINRANG;7315;2021-04-03 15:55:09;2021-04-03 15:55:09
414;27;KABUPATEN ENREKANG;7316;2021-04-03 15:55:09;2021-04-03 15:55:09
415;27;KABUPATEN LUWU;7317;2021-04-03 15:55:09;2021-04-03 15:55:09
416;27;KABUPATEN TANA TORAJA;7318;2021-04-03 15:55:09;2021-04-03 15:55:09
417;27;KABUPATEN LUWU UTARA;7322;2021-04-03 15:55:09;2021-04-03 15:55:09
418;27;KABUPATEN LUWU TIMUR;7325;2021-04-03 15:55:09;2021-04-03 15:55:09
419;27;KABUPATEN TORAJA UTARA;7326;2021-04-03 15:55:09;2021-04-03 15:55:09
420;27;KOTA MAKASSAR;7371;2021-04-03 15:55:09;2021-04-03 15:55:09
421;27;KOTA PAREPARE;7372;2021-04-03 15:55:09;2021-04-03 15:55:09
422;27;KOTA PALOPO;7373;2021-04-03 15:55:09;2021-04-03 15:55:09
423;28;KABUPATEN BUTON;7401;2021-04-03 15:55:09;2021-04-03 15:55:09
424;28;KABUPATEN MUNA;7402;2021-04-03 15:55:09;2021-04-03 15:55:09
425;28;KABUPATEN KONAWE;7403;2021-04-03 15:55:09;2021-04-03 15:55:09
426;28;KABUPATEN KOLAKA;7404;2021-04-03 15:55:09;2021-04-03 15:55:09
427;28;KABUPATEN KONAWE SELATAN;7405;2021-04-03 15:55:09;2021-04-03 15:55:09
428;28;KABUPATEN BOMBANA;7406;2021-04-03 15:55:09;2021-04-03 15:55:09
429;28;KABUPATEN WAKATOBI;7407;2021-04-03 15:55:09;2021-04-03 15:55:09
430;28;KABUPATEN KOLAKA UTARA;7408;2021-04-03 15:55:09;2021-04-03 15:55:09
431;28;KABUPATEN BUTON UTARA;7409;2021-04-03 15:55:09;2021-04-03 15:55:09
432;28;KABUPATEN KONAWE UTARA;7410;2021-04-03 15:55:09;2021-04-03 15:55:09
433;28;KABUPATEN KOLAKA TIMUR;7411;2021-04-03 15:55:09;2021-04-03 15:55:09
434;28;KABUPATEN KONAWE KEPULAUAN;7412;2021-04-03 15:55:09;2021-04-03 15:55:09
435;28;KABUPATEN MUNA BARAT;7413;2021-04-03 15:55:09;2021-04-03 15:55:09
436;28;KABUPATEN BUTON TENGAH;7414;2021-04-03 15:55:09;2021-04-03 15:55:09
437;28;KABUPATEN BUTON SELATAN;7415;2021-04-03 15:55:09;2021-04-03 15:55:09
438;28;KOTA KENDARI;7471;2021-04-03 15:55:09;2021-04-03 15:55:09
439;28;KOTA BAUBAU;7472;2021-04-03 15:55:09;2021-04-03 15:55:09
440;29;KABUPATEN BOALEMO;7501;2021-04-03 15:55:09;2021-04-03 15:55:09
441;29;KABUPATEN GORONTALO;7502;2021-04-03 15:55:09;2021-04-03 15:55:09
442;29;KABUPATEN POHUWATO;7503;2021-04-03 15:55:09;2021-04-03 15:55:09
443;29;KABUPATEN BONE BOLANGO;7504;2021-04-03 15:55:09;2021-04-03 15:55:09
444;29;KABUPATEN GORONTALO UTARA;7505;2021-04-03 15:55:09;2021-04-03 15:55:09
445;29;KOTA GORONTALO;7571;2021-04-03 15:55:09;2021-04-03 15:55:09
446;30;KABUPATEN MAJENE;7601;2021-04-03 15:55:09;2021-04-03 15:55:09
447;30;KABUPATEN POLEWALI MANDAR;7602;2021-04-03 15:55:09;2021-04-03 15:55:09
448;30;KABUPATEN MAMASA;7603;2021-04-03 15:55:09;2021-04-03 15:55:09
449;30;KABUPATEN MAMUJU;7604;2021-04-03 15:55:09;2021-04-03 15:55:09
450;30;KABUPATEN MAMUJU UTARA;7605;2021-04-03 15:55:09;2021-04-03 15:55:09
451;30;KABUPATEN MAMUJU TENGAH;7606;2021-04-03 15:55:09;2021-04-03 15:55:09
452;31;KABUPATEN MALUKU TENGGARA BARAT;8101;2021-04-03 15:55:09;2021-04-03 15:55:09
453;31;KABUPATEN MALUKU TENGGARA;8102;2021-04-03 15:55:09;2021-04-03 15:55:09
454;31;KABUPATEN MALUKU TENGAH;8103;2021-04-03 15:55:09;2021-04-03 15:55:09
455;31;KABUPATEN BURU;8104;2021-04-03 15:55:09;2021-04-03 15:55:09
456;31;KABUPATEN KEPULAUAN ARU;8105;2021-04-03 15:55:09;2021-04-03 15:55:09
457;31;KABUPATEN SERAM BAGIAN BARAT;8106;2021-04-03 15:55:09;2021-04-03 15:55:09
458;31;KABUPATEN SERAM BAGIAN TIMUR;8107;2021-04-03 15:55:09;2021-04-03 15:55:09
459;31;KABUPATEN MALUKU BARAT DAYA;8108;2021-04-03 15:55:09;2021-04-03 15:55:09
460;31;KABUPATEN BURU SELATAN;8109;2021-04-03 15:55:09;2021-04-03 15:55:09
461;31;KOTA AMBON;8171;2021-04-03 15:55:09;2021-04-03 15:55:09
462;31;KOTA TUAL;8172;2021-04-03 15:55:09;2021-04-03 15:55:09
463;32;KABUPATEN HALMAHERA BARAT;8201;2021-04-03 15:55:09;2021-04-03 15:55:09
464;32;KABUPATEN HALMAHERA TENGAH;8202;2021-04-03 15:55:09;2021-04-03 15:55:09
465;32;KABUPATEN KEPULAUAN SULA;8203;2021-04-03 15:55:09;2021-04-03 15:55:09
466;32;KABUPATEN HALMAHERA SELATAN;8204;2021-04-03 15:55:09;2021-04-03 15:55:09
467;32;KABUPATEN HALMAHERA UTARA;8205;2021-04-03 15:55:09;2021-04-03 15:55:09
468;32;KABUPATEN HALMAHERA TIMUR;8206;2021-04-03 15:55:09;2021-04-03 15:55:09
469;32;KABUPATEN PULAU MOROTAI;8207;2021-04-03 15:55:09;2021-04-03 15:55:09
470;32;KABUPATEN PULAU TALIABU;8208;2021-04-03 15:55:09;2021-04-03 15:55:09
471;32;KOTA TERNATE;8271;2021-04-03 15:55:09;2021-04-03 15:55:09
472;32;KOTA TIDORE KEPULAUAN;8272;2021-04-03 15:55:09;2021-04-03 15:55:09
473;33;KABUPATEN FAKFAK;9101;2021-04-03 15:55:09;2021-04-03 15:55:09
474;33;KABUPATEN KAIMANA;9102;2021-04-03 15:55:09;2021-04-03 15:55:09
475;33;KABUPATEN TELUK WONDAMA;9103;2021-04-03 15:55:09;2021-04-03 15:55:09
476;33;KABUPATEN TELUK BINTUNI;9104;2021-04-03 15:55:09;2021-04-03 15:55:09
477;33;KABUPATEN MANOKWARI;9105;2021-04-03 15:55:09;2021-04-03 15:55:09
478;33;KABUPATEN SORONG SELATAN;9106;2021-04-03 15:55:09;2021-04-03 15:55:09
479;33;KABUPATEN SORONG;9107;2021-04-03 15:55:09;2021-04-03 15:55:09
480;33;KABUPATEN RAJA AMPAT;9108;2021-04-03 15:55:09;2021-04-03 15:55:09
481;33;KABUPATEN TAMBRAUW;9109;2021-04-03 15:55:09;2021-04-03 15:55:09
482;33;KABUPATEN MAYBRAT;9110;2021-04-03 15:55:09;2021-04-03 15:55:09
483;33;KABUPATEN MANOKWARI SELATAN;9111;2021-04-03 15:55:09;2021-04-03 15:55:09
484;33;KABUPATEN PEGUNUNGAN ARFAK;9112;2021-04-03 15:55:09;2021-04-03 15:55:09
485;33;KOTA SORONG;9171;2021-04-03 15:55:09;2021-04-03 15:55:09
486;34;KABUPATEN MERAUKE;9401;2021-04-03 15:55:09;2021-04-03 15:55:09
487;34;KABUPATEN JAYAWIJAYA;9402;2021-04-03 15:55:09;2021-04-03 15:55:09
488;34;KABUPATEN JAYAPURA;9403;2021-04-03 15:55:09;2021-04-03 15:55:09
489;34;KABUPATEN NABIRE;9404;2021-04-03 15:55:09;2021-04-03 15:55:09
490;34;KABUPATEN KEPULAUAN YAPEN;9408;2021-04-03 15:55:09;2021-04-03 15:55:09
491;34;KABUPATEN BIAK NUMFOR;9409;2021-04-03 15:55:09;2021-04-03 15:55:09
492;34;KABUPATEN PANIAI;9410;2021-04-03 15:55:09;2021-04-03 15:55:09
493;34;KABUPATEN PUNCAK JAYA;9411;2021-04-03 15:55:09;2021-04-03 15:55:09
494;34;KABUPATEN MIMIKA;9412;2021-04-03 15:55:09;2021-04-03 15:55:09
495;34;KABUPATEN BOVEN DIGOEL;9413;2021-04-03 15:55:09;2021-04-03 15:55:09
496;34;KABUPATEN MAPPI;9414;2021-04-03 15:55:09;2021-04-03 15:55:09
497;34;KABUPATEN ASMAT;9415;2021-04-03 15:55:09;2021-04-03 15:55:09
498;34;KABUPATEN YAHUKIMO;9416;2021-04-03 15:55:09;2021-04-03 15:55:09
499;34;KABUPATEN PEGUNUNGAN BINTANG;9417;2021-04-03 15:55:09;2021-04-03 15:55:09
500;34;KABUPATEN TOLIKARA;9418;2021-04-03 15:55:09;2021-04-03 15:55:09
501;34;KABUPATEN SARMI;9419;2021-04-03 15:55:09;2021-04-03 15:55:09
502;34;KABUPATEN KEEROM;9420;2021-04-03 15:55:09;2021-04-03 15:55:09
503;34;KABUPATEN WAROPEN;9426;2021-04-03 15:55:09;2021-04-03 15:55:09
504;34;KABUPATEN SUPIORI;9427;2021-04-03 15:55:09;2021-04-03 15:55:09
505;34;KABUPATEN MAMBERAMO RAYA;9428;2021-04-03 15:55:09;2021-04-03 15:55:09
506;34;KABUPATEN NDUGA;9429;2021-04-03 15:55:09;2021-04-03 15:55:09
507;34;KABUPATEN LANNY JAYA;9430;2021-04-03 15:55:09;2021-04-03 15:55:09
508;34;KABUPATEN MAMBERAMO TENGAH;9431;2021-04-03 15:55:09;2021-04-03 15:55:09
509;34;KABUPATEN YALIMO;9432;2021-04-03 15:55:09;2021-04-03 15:55:09
510;34;KABUPATEN PUNCAK;9433;2021-04-03 15:55:09;2021-04-03 15:55:09
511;34;KABUPATEN DOGIYAI;9434;2021-04-03 15:55:09;2021-04-03 15:55:09
512;34;KABUPATEN INTAN JAYA;9435;2021-04-03 15:55:09;2021-04-03 15:55:09
513;34;KABUPATEN DEIYAI;9436;2021-04-03 15:55:09;2021-04-03 15:55:09
514;34;KOTA JAYAPURA;9471;2021-04-03 15:55:09;2021-04-03 15:55:09
